locus_id	chrom	start	end	gene	lead_rsid	lead_pos_hg19
chr1_19207153_22207153	1	19207153	22207153		chr1:20707153:G:A	20707153
chr1_24887423_27887423	1	24887423	27887423		chr1:26387423:G:A	26387423
chr1_38535928_41535928	1	38535928	41535928		chr1:40035928:G:T	40035928
chr1_44743756_47743756	1	44743756	47743756		chr1:46243756:G:A	46243756
chr1_49645808_52645808	1	49645808	52645808		chr1:51145808:G:A	51145808
chr1_61079891_64079891	1	61079891	64079891		chr1:62579891:G:T	62579891
chr1_62607284_65607284	1	62607284	65607284		chr1:64107284:C:T	64107284
chr1_64489878_67489878	1	64489878	67489878		chr1:65989878:C:A	65989878
chr1_145214427_148214427	1	145214427	148214427		chr1:146714427:G:C	146714427
chr1_176389025_179389025	1	176389025	179389025		chr1:177889025:C:A	177889025
chr1_176413519_179413519	1	176413519	179413519		chr1:177913519:C:T	177913519
chr1_182535116_185535116	1	182535116	185535116		chr1:184035116:G:A	184035116
chr1_198697538_201697538	1	198697538	201697538		chr1:200197538:G:A	200197538
chr1_200288804_203288804	1	200288804	203288804		chr1:201788804:G:A	201788804
chr1_202018873_205018873	1	202018873	205018873		chr1:203518873:C:A	203518873
chr1_203545087_206545087	1	203545087	206545087		chr1:205045087:G:A	205045087
chr1_203614873_206614873	1	203614873	206614873		chr1:205114873:G:C	205114873
chr1_210853818_213853818	1	210853818	213853818		chr1:212353818:C:T	212353818
chr1_212659256_215659256	1	212659256	215659256		chr1:214159256:C:T	214159256
chr1_228172955_231172955	1	228172955	231172955		chr1:229672955:G:A	229672955
chr2_1_2132609	2	1	2132609		chr2:632609:G:A	632609
chr2_14729032_17729032	2	14729032	17729032		chr2:16229032:C:A	16229032
chr2_17222424_20222424	2	17222424	20222424		chr2:18722424:C:T	18722424
chr2_25061117_28061117	2	25061117	28061117		chr2:26561117:C:A	26561117
chr2_26230940_29230940	2	26230940	29230940		chr2:27730940:C:T	27730940
chr2_42257293_45257293	2	42257293	45257293		chr2:43757293:T:A	43757293
chr2_46655484_49655484	2	46655484	49655484		chr2:48155484:C:A	48155484
chr2_57805625_60805625	2	57805625	60805625		chr2:59305625:C:T	59305625
chr2_59086707_62086707	2	59086707	62086707		chr2:60586707:G:C	60586707
chr2_64184152_67184152	2	64184152	67184152		chr2:65684152:G:A	65684152
chr2_65157939_68157939	2	65157939	68157939		chr2:66657939:C:T	66657939
chr2_110400560_113400560	2	110400560	113400560		chr2:111900560:C:T	111900560
chr2_119847612_122847612	2	119847612	122847612		chr2:121347612:G:C	121347612
chr2_147876864_150876864	2	147876864	150876864		chr2:149376864:C:T	149376864
chr2_150660963_153660963	2	150660963	153660963		chr2:152160963:C:T	152160963
chr2_164026338_167026338	2	164026338	167026338		chr2:165526338:C:T	165526338
chr2_212331335_215331335	2	212331335	215331335		chr2:213831335:C:T	213831335
chr2_218199999_221199999	2	218199999	221199999		chr2:219699999:G:A	219699999
chr2_232806982_235806982	2	232806982	235806982		chr2:234306982:G:T	234306982
chr3_8005238_11005238	3	8005238	11005238		chr3:9505238:C:T	9505238
chr3_10829783_13829783	3	10829783	13829783		chr3:12329783:C:T	12329783
chr3_21957080_24957080	3	21957080	24957080		chr3:23457080:C:T	23457080
chr3_22132174_25132174	3	22132174	25132174		chr3:23632174:G:C	23632174
chr3_62397215_65397215	3	62397215	65397215		chr3:63897215:C:T	63897215
chr3_85378962_88378962	3	85378962	88378962		chr3:86878962:C:A	86878962
chr3_112956925_115956925	3	112956925	115956925		chr3:114456925:T:A	114456925
chr3_113465391_116465391	3	113465391	116465391		chr3:114965391:G:T	114965391
chr3_115351872_118351872	3	115351872	118351872		chr3:116851872:G:A	116851872
chr3_121565778_124565778	3	121565778	124565778		chr3:123065778:G:A	123065778
chr3_123421457_126421457	3	123421457	126421457		chr3:124921457:C:T	124921457
chr3_148566540_151566540	3	148566540	151566540		chr3:150066540:T:A	150066540
chr3_150951616_153951616	3	150951616	153951616		chr3:152451616:G:A	152451616
chr3_166718841_169718841	3	166718841	169718841		chr3:168218841:T:A	168218841
chr3_169233076_172233076	3	169233076	172233076		chr3:170733076:G:A	170733076
chr3_170260427_173260427	3	170260427	173260427		chr3:171760427:C:T	171760427
chr3_183377626_186377626	3	183377626	186377626		chr3:184877626:G:A	184877626
chr3_185165645_188165645	3	185165645	188165645		chr3:186665645:C:T	186665645
chr3_194331237_197331237	3	194331237	197331237		chr3:195831237:C:T	195831237
chr4_1_2740299	4	1	2740299		chr4:1240299:G:T	1240299
chr4_1918084_4918084	4	1918084	4918084		chr4:3418084:G:A	3418084
chr4_4799914_7799914	4	4799914	7799914		chr4:6299914:G:A	6299914
chr4_43682527_46682527	4	43682527	46682527		chr4:45182527:G:A	45182527
chr4_82078271_85078271	4	82078271	85078271		chr4:83578271:G:A	83578271
chr4_83839618_86839618	4	83839618	86839618		chr4:85339618:C:T	85339618
chr4_152020475_155020475	4	152020475	155020475		chr4:153520475:C:T	153520475
chr5_13268092_16268092	5	13268092	16268092		chr5:14768092:G:C	14768092
chr5_34746700_37746700	5	34746700	37746700		chr5:36246700:C:T	36246700
chr5_36486224_39486224	5	36486224	39486224		chr5:37986224:G:A	37986224
chr5_48566939_51566939	5	48566939	51566939		chr5:50066939:C:A	50066939
chr5_50291225_53291225	5	50291225	53291225		chr5:51791225:C:T	51791225
chr5_51800827_54800827	5	51800827	54800827		chr5:53300827:C:A	53300827
chr5_54310305_57310305	5	54310305	57310305		chr5:55810305:T:A	55810305
chr5_73192776_76192776	5	73192776	76192776		chr5:74692776:G:A	74692776
chr5_74927311_77927311	5	74927311	77927311		chr5:76427311:G:A	76427311
chr5_77033584_80033584	5	77033584	80033584		chr5:78533584:G:C	78533584
chr5_86438557_89438557	5	86438557	89438557		chr5:87938557:T:A	87938557
chr5_94350250_97350250	5	94350250	97350250		chr5:95850250:C:A	95850250
chr5_110883275_113883275	5	110883275	113883275		chr5:112383275:G:A	112383275
chr5_121252630_124252630	5	121252630	124252630		chr5:122752630:G:T	122752630
chr5_175179407_178179407	5	175179407	178179407		chr5:176679407:G:A	176679407
chr6_5731843_8731843	6	5731843	8731843		chr6:7231843:G:A	7231843
chr6_19186573_22186573	6	19186573	22186573		chr6:20686573:C:A	20686573
chr6_24795926_27795926	6	24795926	27795926		chr6:26295926:G:A	26295926
chr6_29639452_32639452	6	29639452	32639452		chr6:31139452:C:T	31139452
chr6_31152196_34152196	6	31152196	34152196		chr6:32652196:C:T	32652196
chr6_32663084_35663084	6	32663084	35663084		chr6:34163084:G:C	34163084
chr6_37537955_40537955	6	37537955	40537955		chr6:39037955:G:A	39037955
chr6_40455520_43455520	6	40455520	43455520		chr6:41955520:G:C	41955520
chr6_49288778_52288778	6	49288778	52288778		chr6:50788778:C:A	50788778
chr6_52123730_55123730	6	52123730	55123730		chr6:53623730:G:A	53623730
chr6_116550841_119550841	6	116550841	119550841		chr6:118050841:C:T	118050841
chr6_125464510_128464510	6	125464510	128464510		chr6:126964510:G:A	126964510
chr6_128961076_131961076	6	128961076	131961076		chr6:130461076:C:T	130461076
chr6_130427007_133427007	6	130427007	133427007		chr6:131927007:G:C	131927007
chr6_135791281_138791281	6	135791281	138791281		chr6:137291281:C:A	137291281
chr6_135796161_138796161	6	135796161	138796161		chr6:137296161:C:T	137296161
chr6_138820908_141820908	6	138820908	141820908		chr6:140320908:C:T	140320908
chr6_141558692_144558692	6	141558692	144558692		chr6:143058692:G:C	143058692
chr6_162633001_165633001	6	162633001	165633001		chr6:164133001:C:T	164133001
chr6_165934686_168934686	6	165934686	168934686		chr6:167434686:C:T	167434686
chr7_10769593_13769593	7	10769593	13769593		chr7:12269593:C:A	12269593
chr7_13562983_16562983	7	13562983	16562983		chr7:15062983:C:T	15062983
chr7_21932286_24932286	7	21932286	24932286		chr7:23432286:T:A	23432286
chr7_24452059_27452059	7	24452059	27452059		chr7:25952059:G:A	25952059
chr7_26698677_29698677	7	26698677	29698677		chr7:28198677:C:T	28198677
chr7_29228452_32228452	7	29228452	32228452		chr7:30728452:C:T	30728452
chr7_30838337_33838337	7	30838337	33838337		chr7:32338337:G:A	32338337
chr7_39856123_42856123	7	39856123	42856123		chr7:41356123:C:T	41356123
chr7_42689321_45689321	7	42689321	45689321		chr7:44189321:G:A	44189321
chr7_68221267_71221267	7	68221267	71221267		chr7:69721267:C:T	69721267
chr7_88263320_91263320	7	88263320	91263320		chr7:89763320:G:A	89763320
chr7_90736829_93736829	7	90736829	93736829		chr7:92236829:G:A	92236829
chr7_100240309_103240309	7	100240309	103240309		chr7:101740309:G:A	101740309
chr7_101274076_104274076	7	101274076	104274076		chr7:102774076:C:T	102774076
chr7_128933384_131933384	7	128933384	131933384		chr7:130433384:C:T	130433384
chr7_138938422_141938422	7	138938422	141938422		chr7:140438422:C:T	140438422
chr7_155468323_158468323	7	155468323	158468323		chr7:156968323:G:C	156968323
chr8_16369835_19369835	8	16369835	19369835		chr8:17869835:C:T	17869835
chr8_18348080_21348080	8	18348080	21348080		chr8:19848080:G:A	19848080
chr8_35348357_38348357	8	35348357	38348357		chr8:36848357:C:T	36848357
chr8_40022991_43022991	8	40022991	43022991		chr8:41522991:G:A	41522991
chr8_71014228_74014228	8	71014228	74014228		chr8:72514228:G:T	72514228
chr8_73180416_76180416	8	73180416	76180416		chr8:74680416:G:A	74680416
chr8_73703220_76703220	8	73703220	76703220		chr8:75203220:G:A	75203220
chr8_94460855_97460855	8	94460855	97460855		chr8:95960855:G:C	95960855
chr8_116586646_119586646	8	116586646	119586646		chr8:118086646:G:A	118086646
chr8_116684783_119684783	8	116684783	119684783		chr8:118184783:C:T	118184783
chr8_127211742_130211742	8	127211742	130211742		chr8:128711742:G:A	128711742
chr9_1_2539939	9	1	2539939		chr9:1039939:G:A	1039939
chr9_1122134_4122134	9	1122134	4122134		chr9:2622134:C:T	2622134
chr9_2790085_5790085	9	2790085	5790085		chr9:4290085:G:C	4290085
chr9_20634094_23634094	9	20634094	23634094		chr9:22134094:C:T	22134094
chr9_80405590_83405590	9	80405590	83405590		chr9:81905590:G:A	81905590
chr9_82808948_85808948	9	82808948	85808948		chr9:84308948:G:A	84308948
chr9_95410815_98410815	9	95410815	98410815		chr9:96910815:G:A	96910815
chr9_133370755_136370755	9	133370755	136370755		chr9:134870755:G:T	134870755
chr9_134649229_137649229	9	134649229	137649229		chr9:136149229:C:T	136149229
chr9_137741828_140741828	9	137741828	140741828		chr9:139241828:C:T	139241828
chr10_10807894_13807894	10	10807894	13807894		chr10:12307894:C:T	12307894
chr10_19548806_22548806	10	19548806	22548806		chr10:21048806:C:T	21048806
chr10_63450110_66450110	10	63450110	66450110		chr10:64950110:C:T	64950110
chr10_69821279_72821279	10	69821279	72821279		chr10:71321279:G:A	71321279
chr10_71099167_74099167	10	71099167	74099167		chr10:72599167:C:T	72599167
chr10_75811084_78811084	10	75811084	78811084		chr10:77311084:G:C	77311084
chr10_79447777_82447777	10	79447777	82447777		chr10:80947777:G:T	80947777
chr10_86596047_89596047	10	86596047	89596047		chr10:88096047:G:C	88096047
chr10_88269340_91269340	10	88269340	91269340		chr10:89769340:C:T	89769340
chr10_92963945_95963945	10	92963945	95963945		chr10:94463945:G:A	94463945
chr10_97591369_100591369	10	97591369	100591369		chr10:99091369:G:A	99091369
chr10_111546379_114546379	10	111546379	114546379		chr10:113046379:G:C	113046379
chr10_113249734_116249734	10	113249734	116249734		chr10:114749734:G:A	114749734
chr10_121415345_124415345	10	121415345	124415345		chr10:122915345:G:A	122915345
chr10_122693181_125693181	10	122693181	125693181		chr10:124193181:G:T	124193181
chr11_1358546_4358546	11	1358546	4358546		chr11:2858546:C:T	2858546
chr11_13171396_16171396	11	13171396	16171396		chr11:14671396:G:A	14671396
chr11_15908630_18908630	11	15908630	18908630		chr11:17408630:C:T	17408630
chr11_26983787_29983787	11	26983787	29983787		chr11:28483787:G:A	28483787
chr11_29108133_32108133	11	29108133	32108133		chr11:30608133:G:A	30608133
chr11_31427778_34427778	11	31427778	34427778		chr11:32927778:G:T	32927778
chr11_33407912_36407912	11	33407912	36407912		chr11:34907912:G:A	34907912
chr11_48904060_51904060	11	48904060	51904060		chr11:50404060:T:A	50404060
chr11_54088216_57088216	11	54088216	57088216		chr11:55588216:C:A	55588216
chr11_60065908_63065908	11	60065908	63065908		chr11:61565908:C:T	61565908
chr11_67956000_70956000	11	67956000	70956000		chr11:69456000:G:C	69456000
chr11_70960694_73960694	11	70960694	73960694		chr11:72460694:C:T	72460694
chr11_73045378_76045378	11	73045378	76045378		chr11:74545378:G:T	74545378
chr11_91208710_94208710	11	91208710	94208710		chr11:92708710:G:C	92708710
chr11_126735252_129735252	11	126735252	129735252		chr11:128235252:C:A	128235252
chr12_2899050_5899050	12	2899050	5899050		chr12:4399050:G:A	4399050
chr12_5181786_8181786	12	5181786	8181786		chr12:6681786:G:A	6681786
chr12_26449283_29449283	12	26449283	29449283		chr12:27949283:C:T	27949283
chr12_26462260_29462260	12	26462260	29462260		chr12:27962260:C:T	27962260
chr12_29882586_32882586	12	29882586	32882586		chr12:31382586:G:A	31382586
chr12_31910780_34910780	12	31910780	34910780		chr12:33410780:G:A	33410780
chr12_48289610_51289610	12	48289610	51289610		chr12:49789610:G:A	49789610
chr12_48763148_51763148	12	48763148	51763148		chr12:50263148:G:A	50263148
chr12_64739111_67739111	12	64739111	67739111		chr12:66239111:C:A	66239111
chr12_70024042_73024042	12	70024042	73024042		chr12:71524042:G:C	71524042
chr12_94421998_97421998	12	94421998	97421998		chr12:95921998:C:T	95921998
chr12_96348910_99348910	12	96348910	99348910		chr12:97848910:G:C	97848910
chr12_107129780_110129780	12	107129780	110129780		chr12:108629780:G:A	108629780
chr12_108678261_111678261	12	108678261	111678261		chr12:110178261:G:A	110178261
chr12_116912373_119912373	12	116912373	119912373		chr12:118412373:G:A	118412373
chr12_119929194_122929194	12	119929194	122929194		chr12:121429194:C:T	121429194
chr13_18327647_21327647	13	18327647	21327647		chr13:19827647:C:T	19827647
chr13_21809382_24809382	13	21809382	24809382		chr13:23309382:C:T	23309382
chr13_26522914_29522914	13	26522914	29522914		chr13:28022914:C:T	28022914
chr13_32054302_35054302	13	32054302	35054302		chr13:33554302:G:A	33554302
chr13_49596095_52596095	13	49596095	52596095		chr13:51096095:T:A	51096095
chr13_79209595_82209595	13	79209595	82209595		chr13:80709595:G:T	80709595
chr13_90441936_93441936	13	90441936	93441936		chr13:91941936:C:T	91941936
chr13_93165666_96165666	13	93165666	96165666		chr13:94665666:G:A	94665666
chr14_23027672_26027672	14	23027672	26027672		chr14:24527672:G:A	24527672
chr14_23378370_26378370	14	23378370	26378370		chr14:24878370:C:T	24878370
chr14_26127338_29127338	14	26127338	29127338		chr14:27627338:C:T	27627338
chr14_37300704_40300704	14	37300704	40300704		chr14:38800704:G:A	38800704
chr14_49155357_52155357	14	49155357	52155357		chr14:50655357:G:C	50655357
chr14_52885396_55885396	14	52885396	55885396		chr14:54385396:C:A	54385396
chr14_73441081_76441081	14	73441081	76441081		chr14:74941081:G:A	74941081
chr14_75872210_78872210	14	75872210	78872210		chr14:77372210:G:A	77372210
chr14_78444099_81444099	14	78444099	81444099		chr14:79944099:G:A	79944099
chr14_99673124_102673124	14	99673124	102673124		chr14:101173124:C:A	101173124
chr14_99755172_102755172	14	99755172	102755172		chr14:101255172:G:A	101255172
chr14_102494961_105494961	14	102494961	105494961		chr14:103994961:C:T	103994961
chr15_34892562_37892562	15	34892562	37892562		chr15:36392562:G:A	36392562
chr15_38139171_41139171	15	38139171	41139171		chr15:39639171:G:C	39639171
chr15_39134717_42134717	15	39134717	42134717		chr15:40634717:G:A	40634717
chr15_51087740_54087740	15	51087740	54087740		chr15:52587740:G:T	52587740
chr15_60891608_63891608	15	60891608	63891608		chr15:62391608:C:T	62391608
chr15_60922515_63922515	15	60922515	63922515		chr15:62422515:G:C	62422515
chr15_66580886_69580886	15	66580886	69580886		chr15:68080886:T:A	68080886
chr15_74303200_77303200	15	74303200	77303200		chr15:75803200:C:T	75803200
chr15_75770131_78770131	15	75770131	78770131		chr15:77270131:T:A	77270131
chr15_88907119_91907119	15	88907119	91907119		chr15:90407119:C:T	90407119
chr15_92332067_95332067	15	92332067	95332067		chr15:93832067:G:A	93832067
chr16_2099655_5099655	16	2099655	5099655		chr16:3599655:G:A	3599655
chr16_18831737_21831737	16	18831737	21831737		chr16:20331737:G:C	20331737
chr16_52300954_55300954	16	52300954	55300954		chr16:53800954:C:T	53800954
chr16_71597029_74597029	16	71597029	74597029		chr16:73097029:G:A	73097029
chr16_73734872_76734872	16	73734872	76734872		chr16:75234872:C:A	75234872
chr16_75761943_78761943	16	75761943	78761943		chr16:77261943:G:C	77261943
chr16_80034790_83034790	16	80034790	83034790		chr16:81534790:C:T	81534790
chr16_82480965_85480965	16	82480965	85480965		chr16:83980965:C:T	83980965
chr17_2545440_5545440	17	2545440	5545440		chr17:4045440:G:C	4045440
chr17_5445940_8445940	17	5445940	8445940		chr17:6945940:G:A	6945940
chr17_8285283_11285283	17	8285283	11285283		chr17:9785283:G:C	9785283
chr17_27502151_30502151	17	27502151	30502151		chr17:29002151:T:A	29002151
chr17_28153293_31153293	17	28153293	31153293		chr17:29653293:C:T	29653293
chr17_34600767_37600767	17	34600767	37600767		chr17:36100767:G:A	36100767
chr17_35966103_38966103	17	35966103	38966103		chr17:37466103:G:C	37466103
chr17_75277694_78277694	17	75277694	78277694		chr17:76777694:C:A	76777694
chr17_76395915_79395915	17	76395915	79395915		chr17:77895915:G:A	77895915
chr18_5576836_8576836	18	5576836	8576836		chr18:7076836:C:T	7076836
chr18_38571369_41571369	18	38571369	41571369		chr18:40071369:T:A	40071369
chr18_40868034_43868034	18	40868034	43868034		chr18:42368034:G:A	42368034
chr18_56338401_59338401	18	56338401	59338401		chr18:57838401:G:A	57838401
chr18_59345884_62345884	18	59345884	62345884		chr18:60845884:C:T	60845884
chr18_61951325_64951325	18	61951325	64951325		chr18:63451325:C:A	63451325
chr18_73065136_76065136	18	73065136	76065136		chr18:74565136:G:A	74565136
chr19_3451064_6451064	19	3451064	6451064		chr19:4951064:G:C	4951064
chr19_6468168_9468168	19	6468168	9468168		chr19:7968168:G:A	7968168
chr19_11009536_14009536	19	11009536	14009536		chr19:12509536:C:A	12509536
chr19_17888500_20888500	19	17888500	20888500		chr19:19388500:T:A	19388500
chr19_20356746_23356746	19	20356746	23356746		chr19:21856746:C:T	21856746
chr19_31643701_34643701	19	31643701	34643701		chr19:33143701:G:C	33143701
chr19_32390838_35390838	19	32390838	35390838		chr19:33890838:G:C	33890838
chr19_44657019_47657019	19	44657019	47657019		chr19:46157019:G:A	46157019
chr19_48516759_51516759	19	48516759	51516759		chr19:50016759:C:T	50016759
chr20_18729972_21729972	20	18729972	21729972		chr20:20229972:G:A	20229972
chr20_20930350_23930350	20	20930350	23930350		chr20:22430350:C:T	22430350
chr20_41494812_44494812	20	41494812	44494812		chr20:42994812:C:T	42994812
chr20_44098564_47098564	20	44098564	47098564		chr20:45598564:G:A	45598564
chr20_47333957_50333957	20	47333957	50333957		chr20:48833957:C:T	48833957
chr20_48653344_51653344	20	48653344	51653344		chr20:50153344:C:T	50153344
chr20_56148366_59148366	20	56148366	59148366		chr20:57648366:C:T	57648366
chr22_28737706_31737706	22	28737706	31737706		chr22:30237706:G:A	30237706
chr22_30844403_33844403	22	30844403	33844403		chr22:32344403:C:T	32344403
chr22_42824730_45824730	22	42824730	45824730		chr22:44324730:C:T	44324730
chr22_44813618_47813618	22	44813618	47813618		chr22:46313618:G:T	46313618
chr22_48856302_51856302	22	48856302	51856302		chr22:50356302:C:T	50356302
